Department,Term,SubjectCode,CourseNum,SectionCode,CourseLevelCode,MinimumCredits,FacultyLoad,BuildingAndRoom,MeetingDays,MeetingTime,SectionStartDate,SectionEndDate,SemesterLength,Building,RoomNumber,MeetingStart,MeetingDurationMinutes,MeetingEnd,ShortTitle,Faculty,SectionStatus,InstructionalMethod,DeliveryMode,Group,Comments,LastEditTimestamp
"Calvin Core",FA,"CORE",100,04,100,2, 2,"Deleted","MWF","4:00PM - 5:05PM",,,Full,"Deleted","","4:00 PM","65","5:05 PM","Community and Commitments","Deleted","","","In-Person","","","2025-01-24T08:36:24-05:00"
"Data Science",SP,"DATA",304,A,300,2, 2,"NH 276","MWF","12:15PM - 1:20PM",,,First,"NH","276","12:15 PM","65","1:20 PM","Visualizing Data and Models","Randall Pruim","","","In-Person","","","2025-01-24T08:08:29-05:00"
"Education",SP,"EDUC",346,O,300,1.2, 1.2,"","","",,,Full,"","","","","","Internship II: Student Teaching","Dave Klanderman","","","In-Person","","Might be 1.8 hours",""
"Education",SP,"EDUC",546,O,500,0.6, 0.6,"","","",,,Full,"","","","","","Internship II: Student Teaching","Deleted","","","In-Person","","",""
"Mathematics and Statistics",SP,"DATA",385,A,300,2, 2,"NH 253","MWF","12:15PM - 1:20PM",,,Second,"NH","253","12:15 PM","65","1:20 PM","Topics: Optimization","Chris Moseley","","","In-Person","","","2025-02-24T13:49:15-05:00"
"Mathematics and Statistics",FA,"DATA",555,A,500,2, 0,"","","",,,First,"","","","","","Matrix Algera","Randall Pruim","","","Online","","Do as tutorial or find alternative solution for 1 student","2025-01-23T10:19:02-05:00"
"Mathematics and Statistics",SP,"HNRS",280,?,200,1, 1,"NH 295","T","7:00PM - 8:40PM",,,First,"NH","295","7:00 PM","100","8:40 PM","Graphic Novels","Dave Klanderman","","","In-Person","","","2025-01-23T09:41:57-05:00"
"Mathematics and Statistics",FA,"MATH",100,A,100,4, 4,"NH 295","TTH","12:15PM - 1:55PM",9/3/24,12/19/24,Full,"NH","295","12:15 PM","100","1:55 PM","Mathematics in the Contemporary World","James Turner","","Lecture","In-Person","","",""
"Mathematics and Statistics",FA,"MATH",110,A,100,2, 2,"HH 316/323","MWF","1:30PM - 2:35PM",,,Second,"HH","316/323","1:30 PM","65","2:35 PM","Precalculus Mathematics","Jenny Griffin","","","In-Person","","time change b/c of SCES","2025-02-24T16:27:44-05:00"
"Mathematics and Statistics",FA,"MATH",171,A,100,4, 4,"NH 251","MWF","9:15AM - 10:20AM",,,Full,"NH","251","9:15 AM","65","10:20 AM","Calculus I","Todd Kapitula","","","In-Person","","","2025-01-23T16:43:34-05:00"
"Mathematics and Statistics",SP,"MATH",171,A,100,4, 4,"NH 295","MWF","9:15AM - 10:20AM",9/3/24,12/19/24,Full,"NH","295","9:15 AM","65","10:20 AM","Calculus I","Chris Moseley","","Lecture","In-Person","","",""
"Mathematics and Statistics",FA,"MATH",171,B,100,4, 4,"NH 253","MWF","11:00AM - 12:05PM",9/3/24,12/19/24,Full,"NH","253","11:00 AM","65","12:05 PM","Calculus I","James Turner","","","In-Person","","","2025-01-23T16:40:01-05:00"
"Mathematics and Statistics",SP,"MATH",171,B,100,4, 4,"NH 253","MWF","11:00AM - 12:05PM",9/3/24,12/19/24,Full,"NH","253","11:00 AM","65","12:05 PM","Calculus I","Chris Moseley","","Lecture","In-Person","","",""
"Mathematics and Statistics",FA,"MATH",171,C,100,4, 4,"NH 253","MWF","12:15PM - 1:20PM",9/3/24,12/19/24,Full,"NH","253","12:15 PM","65","1:20 PM","Calculus I","John Ferdinands","","","In-Person","","","2025-01-23T16:36:09-05:00"
"Mathematics and Statistics",FA,"MATH",171,D,100,4, 4,"NH 259","MWF","1:30PM - 2:35PM",9/3/24,12/19/24,Full,"NH","259","1:30 PM","65","2:35 PM","Calculus I","James Turner","","","In-Person","","","2025-01-23T16:13:29-05:00"
"Mathematics and Statistics",FA,"MATH",171,E,100,4, 4,"NH 259","MWF","2:45PM - 3:50PM",9/3/24,12/19/24,Full,"NH","259","2:45 PM","65","3:50 PM","Calculus I","John Ferdinands","","","In-Person","","","2025-01-23T16:35:01-05:00"
"Mathematics and Statistics",FA,"MATH",172,A,100,4, 4,"NH 253","MWF","9:15AM - 10:20AM",9/3/24,12/19/24,Full,"NH","253","9:15 AM","65","10:20 AM","Calculus II","Chris Moseley","","","In-Person","","","2025-01-23T16:42:02-05:00"
"Mathematics and Statistics",SP,"MATH",172,A,100,4, 4,"NH 276","MWF","1:30PM - 2:35PM",9/3/24,12/19/24,Full,"NH","276","1:30 PM","65","2:35 PM","Calculus II","James Turner","","","In-Person","","","2025-01-23T18:14:36-05:00"
"Mathematics and Statistics",FA,"MATH",172,B,100,4, 4,"NH 276","MWF","11:00AM - 12:05PM",9/3/24,12/19/24,Full,"NH","276","11:00 AM","65","12:05 PM","Calculus II","Chris Moseley","","","In-Person","","","2025-01-23T16:42:28-05:00"
"Mathematics and Statistics",SP,"MATH",172,B,100,4, 4,"NH 276","MWF","8:00AM - 9:05AM",9/3/24,12/19/24,Full,"NH","276","8:00 AM","65","9:05 AM","Calculus II","Todd Kapitula","","","In-Person","","","2025-01-23T18:18:47-05:00"
"Mathematics and Statistics",SP,"MATH",172,C,100,4, 4,"NH 251","MWF","2:45PM - 3:50PM",9/3/24,12/19/24,Full,"NH","251","2:45 PM","65","3:50 PM","Calculus II","James Turner","","","In-Person","","","2025-01-23T18:17:11-05:00"
"Mathematics and Statistics",FA,"MATH",221,A,200,4, 4,"NH 251","MWF","1:30PM - 2:35PM",9/3/24,12/19/24,Full,"NH","251","1:30 PM","65","2:35 PM","The Real Number System and Methods for Elementary School Teachers","Dave Klanderman","","","In-Person","","Jenny -> Dave","2025-02-24T13:43:02-05:00"
"Mathematics and Statistics",SP,"MATH",221,A,200,4, 4,"NH 251","MWF","1:30PM - 2:35PM",,,Full,"NH","251","1:30 PM","65","2:35 PM","The Real Number System and Methods for Elementary School Teachers","Dave Klanderman","","","In-Person","","Jenny -> Dave","2025-02-24T13:42:35-05:00"
"Mathematics and Statistics",FA,"MATH",222,A,200,4, 4,"NH 251","MWF","12:15PM - 1:20PM",9/3/24,12/19/24,Full,"NH","251","12:15 PM","65","1:20 PM","Geometry, Probability, Statistics, and Methods for Elementary School Teachers","Jenny Griffin","","","In-Person","","time change b/c of SCES","2025-02-24T16:28:32-05:00"
"Mathematics and Statistics",SP,"MATH",222,A,200,4, 4,"Deleted","MWF","4:00PM - 5:05PM",,,Full,"Deleted","","4:00 PM","65","5:05 PM","Geometry, Probability, Statistics, and Methods for Elementary School Teachers","Deleted","","","In-Person","","","2025-01-24T08:21:52-05:00"
"Mathematics and Statistics",FA,"MATH",231,A,200,4, 4,"NH 251","MWF","11:00AM - 12:05PM",9/3/24,12/19/24,Full,"NH","251","11:00 AM","65","12:05 PM","Differential Equations With Linear Algebra","Todd Kapitula","","","In-Person","","","2025-01-23T09:48:13-05:00"
"Mathematics and Statistics",SP,"MATH",231,A,200,4, 4,"NH 251","MWF","9:15AM - 10:20AM",,,Full,"NH","251","9:15 AM","65","10:20 AM","Differential Equations With Linear Algebra","Nathan Sunukjian","","","In-Person","","","2025-01-23T18:04:25-05:00"
"Mathematics and Statistics",SP,"MATH",231,B,200,4, 4,"NH 251","MWF","12:15PM - 1:20PM",9/3/24,12/19/24,Full,"NH","251","12:15 PM","65","1:20 PM","Differential Equations With Linear Algebra","Nathan Sunukjian","","","In-Person","","","2025-01-24T08:14:15-05:00"
"Mathematics and Statistics",SP,"MATH",231,C,200,4, 4,"NH 259","MWF","11:00AM - 12:05PM",,,Full,"NH","259","11:00 AM","65","12:05 PM","Differential Equations With Linear Algebra","Todd Kapitula","","","In-Person","","","2025-01-24T08:14:42-05:00"
"Mathematics and Statistics",FA,"MATH",251,A,200,2, 2,"NH 276","MWF","1:30PM - 2:35PM",,,First,"NH","276","1:30 PM","65","2:35 PM","Discrete Mathematics I","Chris Moseley","","","In-Person","","","2025-01-05T23:16:16-05:00"
"Mathematics and Statistics",FA,"MATH",251,B,200,2, 2,"NH 276","MWF","2:45PM - 3:50PM",,,First,"NH","276","2:45 PM","65","3:50 PM","Discrete Mathematics I","Chris Moseley","","","In-Person","","","2025-01-05T23:16:29-05:00"
"Mathematics and Statistics",FA,"MATH",252,A,200,2, 2,"NH 276","MWF","1:30PM - 2:35PM",,,Second,"NH","276","1:30 PM","65","2:35 PM","Discrete Mathematics II","Randall Pruim","","","In-Person","","","2025-01-05T23:16:42-05:00"
"Mathematics and Statistics",FA,"MATH",252,B,200,2, 2,"NH 276","MWF","2:45PM - 3:50PM",,,Second,"NH","276","2:45 PM","65","3:50 PM","Discrete Mathematics II","Randall Pruim","","","In-Person","","","2025-01-05T23:16:50-05:00"
"Mathematics and Statistics",FA,"MATH",255,A,200,4, 4,"NH 259","MWF","12:15PM - 1:20PM",,,Full,"NH","259","12:15 PM","65","1:20 PM","Introductory Linear Algebra","Joyce Chew","","","In-Person","","","2025-01-09T16:43:48-05:00"
"Mathematics and Statistics",FA,"MATH",271,A,200,4, 4,"NH 259","MWF","8:00AM - 9:05AM",,,Full,"NH","259","8:00 AM","65","9:05 AM","Multivariable Calculus","Thomas Scofield","","","In-Person","","","2025-01-23T16:39:28-05:00"
"Mathematics and Statistics",SP,"MATH",271,A,200,4, 4,"NH 251","MWF","11:00AM - 12:05PM",,,Full,"NH","251","11:00 AM","65","12:05 PM","Multivariable Calculus","Nathan Sunukjian","","","In-Person","","","2025-01-24T08:13:47-05:00"
"Mathematics and Statistics",FA,"MATH",271,B,200,4, 4,"NH 259","MWF","11:00AM - 12:05PM",,,Full,"NH","259","11:00 AM","65","12:05 PM","Multivariable Calculus","Thomas Scofield","","","In-Person","","","2025-01-23T16:39:41-05:00"
"Mathematics and Statistics",FA,"MATH",271,C,200,4, 4,"NH 251","MWF","2:45PM - 3:50PM",,,Full,"NH","251","2:45 PM","65","3:50 PM","Multivariable Calculus","Staff","","","In-Person","","time change b/c of SCES and rooms","2025-02-24T16:31:37-05:00"
"Mathematics and Statistics",FA,"MATH",312,A,300,4, 4,"Deleted","TTH","4:00PM - 5:40PM",,,Full,"Deleted","","4:00 PM","100","5:40 PM","Logic, Computability, and Complexity","Deleted","","","In-Person","","","2025-01-24T08:35:54-05:00"
"Mathematics and Statistics",FA,"MATH",324,A,300,4, 4,"SC 312","TTH","2:10PM - 3:50PM",,,Full,"SC","312","2:10 PM","100","3:50 PM","Teaching Mathematics in Elementary Grades: Internship I","Jenny Griffin","","","In-Person","","","2025-02-24T13:37:45-05:00"
"Mathematics and Statistics",SP,"MATH",324,A,300,4, 4,"NH 251","TTH","2:10PM - 3:50PM",9/3/24,12/19/24,Full,"NH","251","2:10 PM","100","3:50 PM","Teaching Mathematics in Elementary Grades: Internship I","Jenny Griffin","","","In-Person","","SB 312 -> NH 251","2025-02-24T13:41:46-05:00"
"Mathematics and Statistics",SP,"MATH",327,A,300,2, 2,"NH 251","T","6:45PM - 8:30PM",,,Full,"NH","251","6:45 PM","105","8:30 PM","The Real Number System and Methods for Elementary School Teachers","Jenny Griffin","","","In-Person","","","2025-01-24T08:04:17-05:00"
"Mathematics and Statistics",FA,"MATH",331,A,300,4, 4,"NH 295","MWF","1:30PM - 2:35PM",,,Full,"NH","295","1:30 PM","65","2:35 PM","Nonlinear Dynamics and Chaos","Todd Kapitula","","","In-Person","","","2025-01-24T14:19:10-05:00"
"Mathematics and Statistics",SP,"MATH",351,A,300,4, 4,"NH 261","MWF","1:30PM - 2:35PM",9/3/24,12/19/24,Full,"NH","261","1:30 PM","65","2:35 PM","Abstract Algebra","John Ferdinands","","Lecture","In-Person","","",""
"Mathematics and Statistics",SP,"MATH",355,A,300,4, 4,"NH 261","MWF","11:00AM - 12:05PM",,,Full,"NH","261","11:00 AM","65","12:05 PM","Advanced Linear Algebra","Thomas Scofield","","","In-Person","","","2025-01-09T16:42:57-05:00"
"Mathematics and Statistics",SP,"MATH",365,A,300,4, 4,"Deleted","MWF","4:00PM - 5:05PM",,,Full,"Deleted","","4:00 PM","65","5:05 PM","Complex Variables with Topics","Deleted","","","In-Person","","","2025-01-24T08:21:16-05:00"
"Mathematics and Statistics",FA,"MATH",391,A,300,0, 1,"NH 276","TH","3:05PM - 3:55PM",,,Full,"NH","276","3:05 PM","50","3:55 PM","Colloquium","Randall Pruim","","","In-Person","","","2025-01-23T16:17:06-05:00"
"Mathematics and Statistics",SP,"MATH",391,A,300,0, 1,"NH 276
NH 276","TH
TH","3:05PM - 3:55PM
3:05PM - 3:55PM",,,Full,"NH
NH","276
276","3:05 PM
3:05 PM","50
50","3:55 PM
3:55 PM","Colloquium","Chris Moseley","","","In-Person","","","2025-01-09T15:59:34-05:00"
"Mathematics and Statistics",FA,"STAT",143,A,100,4, 4,"NH 295","MWF","8:00AM - 9:05AM",,,Full,"NH","295","8:00 AM","65","9:05 AM","Introduction to Probability and Statistics","Mike Bolt","","","In-Person","","","2025-01-23T15:57:57-05:00"
"Mathematics and Statistics",SP,"STAT",143,A,100,4, 4,"Deleted","MWF","4:00PM - 5:05PM",9/3/24,12/19/24,Full,"Deleted","","4:00 PM","65","5:05 PM","Introduction to Probability and Statistics","Deleted","","","In-Person","","","2025-01-24T08:21:07-05:00"
"Mathematics and Statistics",FA,"STAT",143,B,100,4, 4,"NH 295","MWF","9:15AM - 10:20AM",,,Full,"NH","295","9:15 AM","65","10:20 AM","Introduction to Probability and Statistics","Dave Klanderman","","","In-Person","","","2025-01-23T14:43:20-05:00"
"Mathematics and Statistics",SP,"STAT",143,B,100,4, 4,"NH 253","MWF","9:15AM - 10:20AM",9/3/24,12/19/24,Full,"NH","253","9:15 AM","65","10:20 AM","Introduction to Probability and Statistics","John Ferdinands","","","In-Person","","room change","2025-02-24T13:47:56-05:00"
"Mathematics and Statistics",FA,"STAT",143,C,100,4, 4,"NH 295","MWF","12:15PM - 1:20PM",,,Full,"NH","295","12:15 PM","65","1:20 PM","Introduction to Probability and Statistics","Staff","","","In-Person","","","2025-02-24T13:40:05-05:00"
"Mathematics and Statistics",SP,"STAT",143,C,100,4, 4,"NH 295","MWF","11:00AM - 12:05PM",,,Full,"NH","295","11:00 AM","65","12:05 PM","Introduction to Probability and Statistics","Dave Klanderman","","","In-Person","","Dave -> Staff","2025-02-24T15:47:33-05:00"
"Mathematics and Statistics",FA,"STAT",143,D,100,4, 4,"Deleted","MWF","4:00PM - 5:05PM",9/3/24,12/19/24,Full,"Deleted","","4:00 PM","65","5:05 PM","Introduction to Probability and Statistics","Deleted","","","In-Person","","","2025-01-24T08:36:36-05:00"
"Mathematics and Statistics",SP,"STAT",143,D,100,4, 4,"NH 295","MWF","12:15PM - 1:20PM",9/3/24,12/19/24,Full,"NH","295","12:15 PM","65","1:20 PM","Introduction to Probability and Statistics","Staff","","","In-Person","","","2025-02-24T15:47:47-05:00"
"Mathematics and Statistics",FA,"STAT",143,E,100,4, 4,"NH 295","MWF","11:00AM - 12:05PM",9/3/24,12/19/24,Full,"NH","295","11:00 AM","65","12:05 PM","Introduction to Probability and Statistics","Dave Klanderman","","Lecture","In-Person","","",""
"Mathematics and Statistics",SP,"STAT",143,E,100,4, 4,"NH 295","MWF","1:30PM - 2:35PM",9/3/24,12/19/24,Full,"NH","295","1:30 PM","65","2:35 PM","Introduction to Probability and Statistics","Joyce Chew","","","In-Person","","","2025-01-24T08:27:37-05:00"
"Mathematics and Statistics",FA,"STAT",143,F,100,4, 4,"NH 295","MWF","2:45PM - 3:50PM",9/3/24,12/19/24,Full,"NH","295","2:45 PM","65","3:50 PM","Introduction to Probability and Statistics","Joyce Chew","","","In-Person","","","2025-01-24T08:32:20-05:00"
"Mathematics and Statistics",SP,"STAT",143,F,100,4, 4,"NH 295","MWF","8:00AM - 9:05AM",9/3/24,12/19/24,Full,"NH","295","8:00 AM","65","9:05 AM","Introduction to Probability and Statistics","Mike Bolt","","","In-Person","","","2025-01-24T08:16:43-05:00"
"Mathematics and Statistics",FA,"STAT",145,A,100,4, 4,"NH 259","MWF","9:15AM - 10:20AM",9/3/24,12/19/24,Full,"NH","259","9:15 AM","65","10:20 AM","Biostatistics","Thomas Scofield","","Lecture","In-Person","","",""
"Mathematics and Statistics",SP,"STAT",145,A,100,4, 4,"NH 276","MWF","11:00AM - 12:05PM",,,Full,"NH","276","11:00 AM","65","12:05 PM","Biostatistics","Randall Pruim","","","In-Person","","","2025-01-23T18:05:33-05:00"
"Mathematics and Statistics",SP,"STAT",241,A,200,2, 2,"NH 259","MWF","12:15PM - 1:20PM",,,First,"NH","259","12:15 PM","65","1:20 PM","Engineering Statistics","Todd Kapitula","","","In-Person","","","2025-01-23T18:13:16-05:00"
"Mathematics and Statistics",SP,"STAT",241,B,200,2, 2,"NH 259","MWF","1:30PM - 2:35PM",,,Second,"NH","259","1:30 PM","65","2:35 PM","Engineering Statistics","Todd Kapitula","","","In-Person","","","2025-01-23T18:09:49-05:00"
"Mathematics and Statistics",SP,"STAT",241,C,200,2, 2,"Deleted","MWF","4:00PM - 5:05PM",9/3/24,12/19/24,Full,"Deleted","","4:00 PM","65","5:05 PM","Engineering Statistics","Deleted","","","In-Person","","","2025-01-24T08:21:41-05:00"
"Mathematics and Statistics",SP,"STAT",243,A,200,4, 4,"NH 259","MWF","8:00AM - 9:05AM",9/3/24,12/19/24,Full,"NH","259","8:00 AM","65","9:05 AM","Statistics","Thomas Scofield","","Lecture","In-Person","","",""
"Mathematics and Statistics",SP,"STAT",243,B,200,4, 4,"NH 259","MWF","9:15AM - 10:20AM",9/3/24,12/19/24,Full,"NH","259","9:15 AM","65","10:20 AM","Statistics","Thomas Scofield","","","In-Person","","","2025-01-23T17:55:07-05:00"
"Mathematics and Statistics",FA,"STAT",245,A,200,4, 4,"Deleted","TTH","4:00PM - 5:40PM",,,Full,"Deleted","","4:00 PM","100","5:40 PM","Applied Data Analysis","Deleted","","","In-Person","","","2025-01-24T08:36:10-05:00"
"Mathematics and Statistics",SP,"STAT",245,A,200,4, 4,"SB 343","TTH","12:15PM - 1:55PM",,,Full,"SB","343","12:15 PM","100","1:55 PM","Applied Data Analysis","Randall Pruim","","","In-Person","","","2025-01-09T16:02:05-05:00"
"Mathematics and Statistics",FA,"STAT",343,A,300,4, 4,"NH 276","MWF","12:15PM - 1:20PM",9/3/24,12/19/24,Full,"NH","276","12:15 PM","65","1:20 PM","Probability and Statistics","Randall Pruim","","","In-Person","","","2025-01-23T16:45:33-05:00"
"Mathematics and Statistics",SP,"STAT",344,A,300,4, 4,"NH 276","MWF","2:45PM - 3:50PM",,,Full,"NH","276","2:45 PM","65","3:50 PM","Mathematical Statistics","Joyce Chew","","","In-Person","","","2025-01-23T18:07:39-05:00"
"Student Success",FA,"ASC",111,B,100,2, 2,"HH 316/323","MWF","1:30PM - 2:35PM",,,First,"HH","316/323","1:30 PM","65","2:35 PM","Academic Transitions","Jenny Griffin","","","In-Person","","time change b/c of SCES","2025-02-24T16:28:55-05:00"
"Student Success",SP,"ASC",111,B,100,2, 2,"NH 295","TTH","12:15PM - 1:55PM",,,First,"NH","295","12:15 PM","100","1:55 PM","Academic Transitions","Jenny Griffin","","","In-Person","","change time to avoid instructor conflict","2025-02-24T13:50:39-05:00"
"",FA,"",,,,0, 4,"","","",,,Full,"","","","","","","Joyce Chew","","Kuiper Seminar","","","","2025-01-09T15:20:37-05:00"
"",FA,"",,,,0, 12,"","","",,,Full,"","","","","","","Stacy DeRuiter","","Sabbatical","","","","2025-01-09T16:06:03-05:00"
"",FA,"",,,,0, 12,"","","",,,Full,"","","","","","","Nathan Sunukjian","","Sabbatical","","","","2025-01-09T16:06:49-05:00"
"",FA,"",,,,0, 4,"","","",,,Full,"","","","","","","Mike Bolt","","Chair","","","","2025-01-09T16:10:17-05:00"
"",SP,"",,,,0, 4,"","","",,,Full,"","","","","","","Joyce Chew","","Kuiper Seminar","","","","2025-01-09T15:20:51-05:00"
"",SP,"",,,,0, 12,"","","",,,Full,"","","","","","","Stacy DeRuiter","","Sabbatical","","","","2025-01-09T16:06:22-05:00"
"",SP,"",,,,0, 4,"","","",,,Full,"","","","","","","Mike Bolt","","Chair","","","","2025-01-09T16:10:37-05:00"
"","FA, SP","",,,,, 2,"","","",,,,"","","","","","","Randall Pruim","","Data Science Director","","","","2025-01-23T10:26:35-05:00"
"","SP","",,,,, 4,"","","",,,,"","","","","","","Jenny Griffin","","De Vries Faith & Learning Fellowship","","","","2025-01-23T11:38:26-05:00"
"Mathematics and Statistics",SP,"MATH",132,A,100,4, 4,"NH 276","TTH","12:15PM - 1:55PM",,,Full,"NH","276","12:15 PM","100","1:55 PM","Calculus for Management, Life, and Social Sciences","Mike Bolt","","","In-Person","","","2025-01-23T18:03:17-05:00"
"Mathematics and Statistics",SP,"MATH",301,A,300,4, 4,"NH 261","MWF","12:15PM - 1:20PM",,,Full,"NH","261","12:15 PM","65","1:20 PM","Geometry","James Turner","","","In-Person","","","2025-01-09T16:24:51-05:00"
"Mathematics and Statistics",FA,"MATH",362,A,300,4, 4,"NH 261","MWF","11:00AM - 12:05PM",,,Full,"NH","261","11:00 AM","65","12:05 PM","Real Analysis II","Mike Bolt","","","In-Person","","","2025-01-23T16:45:19-05:00"
